country,year,population,real_gdp,real_gdp_pc,vsl,le,hle,wtp_s,wtp_h,wtp,wtp_pc
Argentina,1990,33.120727852393216,265.817211208207,8.02570560625526,1.412341520589268,72.64582631704147,63.66971764813767,0.1660184114437646,-0.0028965631600891477,0.16312184828367549,4.925068344229902
Argentina,1991,33.524923455736534,290.094591011844,8.653102262704948,1.5227490524942693,72.87822566184221,63.851399402732476,-0.009819935444077001,-0.007567709447145553,-0.01738764489122256,-0.5186483099411019
Argentina,1992,33.91129001812093,313.12024448989,9.23351026524117,1.6248876507784231,72.9514175672534,63.913291157388905,0.18024112634255646,-0.0050715871019012156,0.1751695392406552,5.165522725530381
