Country,Year,LE,HLE,Pop,GDP_pc,VSL,WTP_1y,WTP_avg,WTP_0,WTP_unborn,Social_WTP
United States of America,2020,78.812,11.691200224818461,331.0026469999999,58147.74949518758,170333124.5199522,0.0,0.0,0.0,0.0,0.0
