Starting Age,Factor,Cardiovascular diseases,Neoplasms,Chronic respiratory diseases,Neurological disorders,Diabetes and kidney diseases,Sum of separate effects,Total effect,Ratio
0.0,0.5,175047.7703818709,145101.917544994,115507.06474800556,129195.98927120793,99332.23868871237,664184.9806347908,749424.5265317528,1.1283370572690379
30.0,0.5,166548.45553784966,136199.2301954307,83626.54539635006,85509.83239239382,93972.10091514388,565856.1644371682,650699.440198849,1.1499378836776843
50.0,0.5,141358.6840503737,113682.29899515102,67543.84086192738,47462.28747002129,74099.69032950247,444146.80170697585,525337.6726338948,1.1828018813033903
65.0,0.5,104126.60614300177,70160.92303379271,48200.03761741339,33509.53289758066,45828.8210781128,301825.92076990136,366983.296511114,1.215877336098266
75.0,0.5,70160.89995667235,34704.72491936534,27966.75251032188,25209.74631185568,23944.08697515678,181986.21067337203,227193.0472999918,1.2484080330006804
80.0,0.5,50752.139645856645,19804.545969111583,17487.01990321778,19932.825436553012,14705.124582164804,122681.65553690383,155508.60489950416,1.2675783043433553
90.0,0.5,14807.64961104746,2968.6058627710713,3597.5962630127187,6660.028301521598,3034.189481589108,31068.069519941953,40612.658119834196,1.3072153740922257
